,TRAIN_MSE,DEV_MSE,TEST1_MSE,TEST2_MSE,TRAIN_MAE,DEV_MAE,TEST1_MAE,TEST2_MAE
0,0.0251917280256748,0.0303923785686492,0.0356119312345981,0.0365237593650817,0.1065060421824455,0.1268826127052307,0.1238141134381294,0.1320878863334655
1,0.0188517477363348,0.0191973969340324,0.02533795312047,0.0261240284889936,0.0783700048923492,0.0822167322039604,0.0830513909459114,0.0906388312578201
2,0.0181545484811067,0.0188979227095842,0.0250867567956447,0.0261276885867118,0.06943891197443,0.0780592486262321,0.078684389591217,0.0867918506264686
3,0.0179153010249137,0.0180447567254304,0.0244180783629417,0.0249639991670846,0.0703244060277938,0.0737523734569549,0.0768741518259048,0.0830586105585098
4,0.0182734858244657,0.0186800826340913,0.0249290894716978,0.0260793305933475,0.0665546506643295,0.0744239315390586,0.0754689127206802,0.083089455962181
5,0.0181193705648183,0.0179728176444768,0.0243482273072004,0.0246404837816953,0.0758030638098716,0.0743582919239997,0.0790721550583839,0.0846206322312355
6,0.0177126619964838,0.0182316899299621,0.0244186352938413,0.0252711363136768,0.0681097880005836,0.0746927186846733,0.0766303166747093,0.0834762901067733
7,0.0173757839947938,0.0177593063563108,0.0239231027662754,0.0244903471320867,0.0709946304559707,0.0741282105445861,0.0772200226783752,0.0835880190134048
8,0.0173997431993484,0.017765499651432,0.0239833574742078,0.0246112756431102,0.0705749094486236,0.0730967745184898,0.0769156366586685,0.0835175812244415
9,0.0174094438552856,0.0184433776885271,0.0243113450706005,0.0249309595674276,0.0743564069271087,0.081284612417221,0.0822208821773529,0.0889447629451751
10,0.0173362307250499,0.0183466747403144,0.0242486707866191,0.0250455122441053,0.0715351328253746,0.078811340034008,0.0799008458852768,0.0867864266037941
11,0.0171237643808126,0.0178185310214757,0.02387161180377,0.0244543179869651,0.0708198025822639,0.0755950585007667,0.0783160924911499,0.0848842486739158
12,0.0170493815094232,0.0177279524505138,0.0237706713378429,0.0245024971663951,0.0699818134307861,0.0741239711642265,0.0770329684019088,0.0840041413903236
13,0.0171114299446344,0.0181634463369846,0.0240884758532047,0.0249899700284004,0.0691593810915947,0.076053500175476,0.0778364017605781,0.085087239742279
14,0.0169890709221363,0.0179209616035223,0.023847971111536,0.0245241504162549,0.0713988989591598,0.0761276707053184,0.078478530049324,0.0851465687155723
15,0.0169951487332582,0.0177453532814979,0.0238490160554647,0.0245981346815824,0.0701842680573463,0.0741675347089767,0.0777450874447822,0.0846951752901077
16,0.0169612001627683,0.0182169117033481,0.0240785591304302,0.0249496344476938,0.0703172609210014,0.0775507465004921,0.0792498886585235,0.0864192247390747
17,0.0170441586524248,0.0185959264636039,0.0242676474153995,0.024968871846795,0.0731692612171173,0.0818003639578819,0.0821744352579116,0.088872343301773
18,0.016788451001048,0.017902422696352,0.0239099618047475,0.0246331989765167,0.0698998570442199,0.075650431215763,0.0787622481584549,0.0852844044566154
19,0.0169256888329982,0.0176330748945474,0.0237255655229091,0.0244118943810462,0.0716740190982818,0.0730494037270546,0.0776470750570297,0.0845319554209709
20,0.0168619714677333,0.0175081230700016,0.0236046109348535,0.0239861905574798,0.0750109776854515,0.0752549022436142,0.0798458755016326,0.0857289209961891
21,0.016746362671256,0.0178415644913911,0.0238824840635061,0.0248361751437187,0.0688449218869209,0.0728408321738243,0.076945923268795,0.0842716097831726
22,0.0169675033539533,0.0183053445070981,0.0243176762014627,0.0252903122454881,0.0693147256970405,0.0767969340085983,0.0796091631054878,0.0865368321537971
23,0.0165391210466623,0.0180880036205053,0.0239275228232145,0.0245976466685533,0.0701647102832794,0.0773303210735321,0.0793933048844337,0.0857570022344589
24,0.0164598803967237,0.0180336683988571,0.0240445379167795,0.024879390373826,0.0699424818158149,0.0770862102508544,0.0803969576954841,0.0879133865237236
25,0.0166842807084321,0.0175404641777277,0.0235831812024116,0.0238226130604743,0.0756636187434196,0.0767781212925911,0.0810161456465721,0.086905725300312
26,0.0162231419235467,0.0178430881351232,0.0238352324813604,0.0242874715477228,0.0722064152359962,0.0779797732830047,0.0814517438411712,0.0882050096988678
27,0.016192439943552,0.0177994761615991,0.0236831214278936,0.0244279131293296,0.0672356709837913,0.0746254920959472,0.0770385265350341,0.0840057954192161
28,0.0163471270352602,0.0187026932835578,0.024314634501934,0.0248013623058795,0.0745565742254257,0.0846416279673576,0.085178405046463,0.0923607721924781
29,0.0160360969603061,0.0178995542228221,0.0238887388259172,0.0245990399271249,0.0688198953866958,0.0763725936412811,0.0795772224664688,0.0868874564766883
30,0.0158817674964666,0.0174188967794179,0.023367952555418,0.0242626257240772,0.0652151182293891,0.0703745037317276,0.0739768743515014,0.0819134935736656
31,0.0158169921487569,0.0179779939353466,0.0239084381610155,0.0244572255760431,0.0712616816163063,0.0786371827125549,0.0816435888409614,0.089123897254467
32,0.0157649032771587,0.0182411894202232,0.0240155328065156,0.0246845204383134,0.070377342402935,0.0807373449206352,0.0822504535317421,0.0903440713882446
33,0.0156036857515573,0.0176105424761772,0.0233703255653381,0.024097166955471,0.0660731494426727,0.0743025317788124,0.0762156769633293,0.0838018730282783
34,0.0156076718121767,0.0180052239447832,0.0237755421549081,0.02420050278306,0.0703759640455246,0.0799089297652244,0.0815546140074729,0.0888684168457984
35,0.015617910772562,0.017333123832941,0.023469490930438,0.0238676369190216,0.0701801925897598,0.074738509953022,0.0790353938937187,0.0865265652537345
36,0.0158701594918966,0.0178693365305662,0.0239510536193847,0.0248470734804868,0.0689717829227447,0.0760193616151809,0.0796769633889198,0.087896429002285
37,0.0154545623809099,0.0171621888875961,0.023110968992114,0.0235522743314504,0.0689418837428093,0.0732934474945068,0.0769106596708297,0.0841360986232757
38,0.0153465820476412,0.0170659888535738,0.0229717474430799,0.0235207062214612,0.0667005404829979,0.0714085474610328,0.0745609775185585,0.0819631293416023
39,0.0151442047208547,0.0173361599445343,0.0231520719826221,0.0237053725868463,0.0659078657627105,0.0733959376811981,0.0757265016436576,0.0833837538957595
40,0.0155531736090779,0.0170602593570947,0.0230776332318782,0.0231538210064172,0.0722275599837303,0.074407510459423,0.0783382132649421,0.084784984588623
41,0.0151647590100765,0.0175042375922203,0.0233230367302894,0.0241263266652822,0.064352698624134,0.0737404897809028,0.07562305778265,0.083973728120327
42,0.0153126427903771,0.0167659129947423,0.0227574855089187,0.0229385811835527,0.0691268816590309,0.0712127313017845,0.0754052698612213,0.0819370001554489
43,0.0155467502772808,0.0167901311069726,0.022847881540656,0.0228436365723609,0.0725482702255249,0.0727663189172744,0.0773983672261238,0.0832703858613967
44,0.0149432104080915,0.0169528312981128,0.0227848310023546,0.0233367122709751,0.0643620640039444,0.0701218172907829,0.0728958845138549,0.0803025364875793
45,0.0152154667302966,0.016651852056384,0.0226620454341173,0.0228420831263065,0.0680589899420738,0.0698451250791549,0.0740750059485435,0.0803971216082573
46,0.0149533553048968,0.0168376341462135,0.0227258969098329,0.0228958521038293,0.0669596269726753,0.0715120956301689,0.0749172866344451,0.0812108963727951
47,0.0151528874412179,0.0167464148253202,0.0226871836930513,0.0230051130056381,0.0676751732826232,0.0708622857928276,0.0743563175201416,0.0813987851142883
48,0.0148712862282991,0.0172048956155776,0.0230273194611072,0.0235826559364795,0.0644149482250213,0.072669968008995,0.0749022290110588,0.0823017656803131
49,0.0149788195267319,0.0170208532363176,0.022816265001893,0.0232477821409702,0.0636564567685127,0.0713729262351989,0.073469266295433,0.0803707614541053
50,0.0149101493880152,0.0169875305145978,0.0228461660444736,0.0232762694358825,0.065343327820301,0.0722778588533401,0.0747553408145904,0.0821446850895881
51,0.0149654550477862,0.016709167510271,0.0225343592464923,0.0226982980966568,0.0668175220489502,0.0706080496311187,0.0737736746668815,0.0799723789095878
52,0.0147196110337972,0.0170006211847066,0.0227631013840436,0.022990534082055,0.0648277848958969,0.0729565322399139,0.0748982951045036,0.0816813558340072
53,0.0149905160069465,0.0168614871799945,0.0228571947664022,0.0231980457901954,0.0660586580634117,0.0708684921264648,0.0745541602373123,0.0816292390227317
54,0.0148474713787436,0.0168462563306093,0.0226090233772993,0.0230666492134332,0.0631110295653343,0.0696851313114166,0.0721595883369445,0.0787858590483665
55,0.0146792698651552,0.0166997760534286,0.022466005757451,0.0229487493634223,0.0618846341967582,0.0674262344837188,0.0700395107269287,0.0769407525658607
56,0.014703843742609,0.0172915328294038,0.0229110848158597,0.0234805326908826,0.0628305301070213,0.0724196881055831,0.0732540339231491,0.080584667623043
57,0.0146704586222767,0.016881326213479,0.022709634155035,0.0229299869388341,0.0653077363967895,0.0706528797745704,0.0736878290772438,0.0799816772341728
58,0.0147290900349617,0.0170658193528652,0.0227443035691976,0.023413835093379,0.0604379177093505,0.0693916529417038,0.0708403661847114,0.0783082842826843
59,0.0147036490961909,0.0168341007083654,0.0225702226161956,0.0230251178145408,0.0620495714247226,0.0690250247716903,0.0714303627610206,0.0781537145376205
60,0.0148936891928315,0.0171451531350612,0.0229065958410501,0.022664088755846,0.0709261745214462,0.0767360627651214,0.0794126242399215,0.0848358571529388
61,0.0144781116396188,0.0167272984981536,0.0224506296217441,0.0227082520723342,0.0626725032925605,0.0700265616178512,0.0720037296414375,0.0787331834435463
62,0.0147331971675157,0.0166974384337663,0.0224755033850669,0.0225259643048048,0.0667230635881424,0.0713740363717079,0.0740437358617782,0.0802974328398704
63,0.0150064537301659,0.017836395651102,0.0233152918517589,0.0241721682250499,0.0613375417888164,0.0741404294967651,0.0732647702097892,0.0818390324711799
64,0.0146210929378867,0.0166942533105611,0.0224598497152328,0.0229652617126703,0.0603277757763862,0.0668259933590889,0.0691087394952774,0.0759856253862381
65,0.0145729538053274,0.0171379223465919,0.0227304715663194,0.0229117535054683,0.0640388801693916,0.0737677589058876,0.074849896132946,0.0816439911723136
66,0.0149767678231,0.0165684465318918,0.0226003974676132,0.0221552830189466,0.0706558227539062,0.0728106275200843,0.0771608278155326,0.0822613090276718
67,0.0143989203497767,0.0169420298188924,0.0225511025637388,0.0228485539555549,0.0624478347599506,0.0714208781719207,0.0726648345589637,0.0794960856437683
68,0.0144481435418128,0.0168148837983608,0.0224760863929986,0.0230349991470575,0.0602827854454517,0.0684723407030105,0.0698847994208335,0.0771640241146087
69,0.0145595548674464,0.0174511969089508,0.0228923875838518,0.0232473202049732,0.0631070137023925,0.0746309012174606,0.0746762827038765,0.0820766985416412
70,0.0143938865512609,0.0167638286948204,0.0224032178521156,0.0225189290940761,0.0640381351113319,0.0716961622238159,0.0734699964523315,0.079894445836544
71,0.0145863965153694,0.017231810837984,0.0228120144456625,0.0232918374240398,0.0620407313108444,0.0725964084267616,0.0734114050865173,0.0805349051952362
72,0.0144673660397529,0.0169831719249486,0.0225503332912921,0.02283551171422,0.0638023391366005,0.0727569460868835,0.073699839413166,0.0807247161865234
73,0.0143754547461867,0.0170330684632062,0.0226735156029462,0.0228447522968053,0.0633737966418266,0.0723219960927963,0.0739645883440971,0.080756090581417
74,0.0143253514543175,0.0169287323951721,0.0225770082324743,0.0227195434272289,0.0636270567774772,0.0719650313258171,0.0736925974488258,0.0804314538836479
75,0.0144438622519373,0.0165243428200483,0.0222270973026752,0.0227112043648958,0.058431003242731,0.0662114173173904,0.0679041594266891,0.074891410768032
76,0.0145456688478589,0.0171936657279729,0.0228826906532049,0.0232703760266304,0.0642757341265678,0.0727037638425827,0.0744064077734947,0.0814378261566162
77,0.0144187873229384,0.0168702490627765,0.0225706398487091,0.0230092499405145,0.0612669624388217,0.0692816227674484,0.0712030231952667,0.0781816393136978
78,0.0143163427710533,0.016790160909295,0.0224280375987291,0.0225939657539129,0.0614474453032016,0.0700797662138938,0.0715583264827728,0.0783593505620956
79,0.0143325105309486,0.0169610939919948,0.022616496309638,0.022880844771862,0.062738262116909,0.0706834122538566,0.0725956782698631,0.0791859626770019
80,0.014720894396305,0.0163062363862991,0.0221886299550533,0.0219895411282777,0.067849576473236,0.0691075921058654,0.0730741024017334,0.0779571309685707
81,0.0144487526267766,0.016661973670125,0.0223182849586009,0.0227328911423683,0.0588005669414997,0.0668852627277374,0.0686475038528442,0.0756392553448677
82,0.014511527493596,0.0173943620175123,0.0227889232337474,0.0229448936879634,0.0658992752432823,0.0751597955822944,0.0758106335997581,0.0824517086148262
83,0.0144058307632803,0.0174718275666236,0.0229375790804624,0.0232292637228965,0.0643055960536003,0.0748510658740997,0.0753157958388328,0.0822740644216537
84,0.0142978141084313,0.0162440240383148,0.022001314908266,0.0221044514328241,0.0609303042292594,0.0662953034043312,0.0688249990344047,0.0750609263777732
85,0.0142194777727127,0.016562869772315,0.0222768150269985,0.0223160088062286,0.0620817169547081,0.0689267888665199,0.0714600458741188,0.0776124373078346
86,0.0142657617107033,0.0172524321824312,0.0227080434560775,0.0228037014603614,0.0631058588624,0.0732105895876884,0.073841780424118,0.0802929699420929
87,0.0141691043972969,0.0164922140538692,0.022182036191225,0.0224007181823253,0.0613167956471443,0.0682718455791473,0.0703448727726936,0.0768762379884719
88,0.014165879227221,0.0166120007634162,0.0223016645759344,0.0224604308605194,0.0620300360023975,0.069286361336708,0.0712239816784858,0.0778041332960128
89,0.0141270561143755,0.0167923420667648,0.0223617348819971,0.0226518549025058,0.0616097524762153,0.0707485079765319,0.0716648176312446,0.0788374170660972
90,0.0141161698848009,0.0163848102092742,0.0220813583582639,0.0220333915203809,0.0624563135206699,0.068352922797203,0.0703319683670997,0.0765636935830116
91,0.0142620205879211,0.0164590720087289,0.0222303140908479,0.0223285742104053,0.0628572478890419,0.0685111209750175,0.0709374547004699,0.0775567144155502
92,0.0141539955511689,0.016737226396799,0.0223146732896566,0.0226261932402849,0.059626217931509,0.0691411346197128,0.0699682980775833,0.0772119984030723
93,0.014364450238645,0.0168502070009708,0.0225131306797266,0.0230131112039089,0.0587735436856746,0.0677074491977691,0.0689340606331825,0.076203241944313
94,0.0140698468312621,0.0166281946003437,0.0222337301820516,0.0223159436136484,0.0611593648791313,0.0696298256516456,0.0710729211568832,0.0778899937868118
95,0.0140804452821612,0.0166258197277784,0.0222137663513422,0.0222267750650644,0.0622237622737884,0.0699843615293502,0.0716123357415199,0.0777268707752227
96,0.0141511177644133,0.0163946729153394,0.0220680013298988,0.0220993906259536,0.0620458573102951,0.0675204098224639,0.0694301053881645,0.0755999833345413
97,0.0142495604231953,0.0165553539991378,0.0222713537514209,0.0220667850226163,0.0662212893366813,0.0735328570008277,0.0752751156687736,0.0820391774177551
98,0.0142242917791008,0.0162071380764246,0.0219532698392868,0.0220885705202817,0.0614754930138587,0.0670677572488784,0.0689658820629119,0.0758446604013443
99,0.0140976067632436,0.0166064966470003,0.0222925916314125,0.0223254729062318,0.0613326244056224,0.0698512643575668,0.0716363564133644,0.0781018361449241
100,0.0140153253450989,0.0162606444209814,0.0219496712088584,0.0220089089125394,0.060149073600769,0.0668207183480262,0.0689086243510246,0.075297899544239
101,0.014339049346745,0.0167478006333112,0.0224819462746381,0.0224010050296783,0.066365361213684,0.0735128670930862,0.0751101002097129,0.0819961279630661
102,0.0142568042501807,0.0164157543331384,0.0220950730144977,0.0225864611566066,0.0577939860522747,0.0648676306009292,0.066442497074604,0.0736676529049873
103,0.0142393400892615,0.0170330367982387,0.0226923823356628,0.0223935022950172,0.0664978325366973,0.0748659893870353,0.0768709033727645,0.0828082412481308
104,0.0140009392052888,0.0163409411907196,0.0220679827034473,0.0218801274895668,0.0628770142793655,0.0695996806025505,0.0718341395258903,0.0780422613024711
105,0.0139992777258157,0.016722422093153,0.0222956165671348,0.0223146956413984,0.0607983507215976,0.0701063573360443,0.0714340358972549,0.0778846442699432
106,0.0139532154425978,0.0164690632373094,0.0220535453408956,0.0221160799264907,0.0614196583628654,0.0690616816282272,0.0702614039182663,0.0772762075066566
107,0.0141771649941802,0.0173855256289243,0.0227611139416694,0.0231199190020561,0.0609319806098938,0.0730473771691322,0.07261972874403,0.080321654677391
108,0.0139714600518345,0.0161839462816715,0.0218843277543783,0.0219125282019376,0.0607255101203918,0.0662348046898841,0.0683514177799224,0.0744653716683387
109,0.0140194464474916,0.0161653254181146,0.0219582170248031,0.0218184329569339,0.0628905668854713,0.0680511891841888,0.0702999830245971,0.0765562430024147
110,0.0140847144648432,0.0162232983857393,0.0218530651181936,0.0222943536937236,0.0568121895194053,0.0646754503250122,0.0657999143004417,0.0733957290649414
111,0.0139004001393914,0.0166127495467662,0.0222158189862966,0.0221732910722494,0.0617263466119766,0.069970928132534,0.0716446563601493,0.0778663605451583
112,0.0142346834763884,0.017209306359291,0.0227650664746761,0.0227635763585567,0.067413754761219,0.077253520488739,0.0777188017964363,0.0848592817783355
113,0.0138878868892788,0.0159745588898658,0.0217179991304874,0.0217874310910701,0.0598060376942157,0.0648147314786911,0.0672269612550735,0.0736911818385124
114,0.0139245083555579,0.016455678269267,0.0221180152148008,0.0222507137805223,0.0591788850724697,0.067193366587162,0.0685543343424797,0.0752224400639534
115,0.0138051323592662,0.0168384332209825,0.0222955401986837,0.022626094520092,0.0587927028536796,0.0693714916706085,0.0696407109498977,0.0769971758127212
116,0.0140260653570294,0.0163401030004024,0.0219753980636596,0.022474305704236,0.0568272806704044,0.0646554306149482,0.0656517744064331,0.0733445659279823
117,0.0140690971165895,0.0161563474684953,0.021824300289154,0.0222338251769542,0.0567343570291996,0.0634676143527031,0.0651165917515754,0.0720802173018455
118,0.0141070345416665,0.0163269694894552,0.0219314768910408,0.0222291629761457,0.0585211664438247,0.0674140676856041,0.067923367023468,0.0753460377454757
119,0.0139053780585527,0.0170147698372602,0.0225358698517084,0.0223688594996929,0.0642159879207611,0.0733284503221511,0.0743276178836822,0.0803961008787155
120,0.0143717247992753,0.0162209253758192,0.0221085082739591,0.0214240010827779,0.0697616264224052,0.0720710977911949,0.0753647312521934,0.0795322731137275
121,0.0137913301587104,0.0170160178095102,0.0223591066896915,0.022799365222454,0.0596590638160705,0.0719866454601287,0.0708683282136917,0.0794023871421814
122,0.0136217148974537,0.0161644835025072,0.0217950101941823,0.0217530168592929,0.0595391429960727,0.0677663832902908,0.0688562542200088,0.0755086317658424
123,0.0138451186940073,0.0165658257901668,0.0222535878419876,0.0221502501517534,0.0633730813860893,0.0710107013583183,0.0725151821970939,0.0788697078824043
124,0.0140995439141988,0.0172545444220304,0.0228221919387578,0.0230723526328802,0.0647502243518829,0.0743692740797996,0.0747858360409736,0.0821053907275199
125,0.0137948151677846,0.0163330677896738,0.0219211839139461,0.0215701535344123,0.0644138976931572,0.0715237706899643,0.0729547962546348,0.0790482237935066
126,0.0135370632633566,0.0161074791103601,0.021814689040184,0.021595174446702,0.061062391847372,0.0692348331212997,0.0709270611405372,0.0773984044790268
127,0.0136546455323696,0.0168291199952363,0.0221542902290821,0.0222747176885604,0.0614476688206195,0.0735032707452774,0.0727420896291732,0.0805619060993194
128,0.0138718439266085,0.0164478980004787,0.0220658145844936,0.0224395059049129,0.057043220847845,0.0665715634822845,0.0670980066061019,0.0747167244553566
129,0.0135696064680814,0.0161842964589595,0.021868385374546,0.0216715019196271,0.061970055103302,0.0689659044146537,0.0706607401371002,0.0767887681722641
130,0.0134346513077616,0.0160216726362705,0.0216472409665584,0.0217679161578416,0.0579182282090187,0.0659311115741729,0.0668040812015533,0.0741899535059928
131,0.0134563157334923,0.0162823684513568,0.0218103006482124,0.0216952618211507,0.0606777444481849,0.0694207549095153,0.0700642317533493,0.0766889750957489
132,0.0134013649076223,0.0162275061011314,0.021786343306303,0.0219516176730394,0.0580318719148635,0.0673423185944557,0.0679785832762718,0.0756333768367767
133,0.0138211771845817,0.0166012849658727,0.0221450868993997,0.0215154755860567,0.0677668154239654,0.0751280337572097,0.0763640850782394,0.0821658000349998
134,0.01340370811522,0.0160416085273027,0.0216042175889015,0.021594351157546,0.0591003336012363,0.0670232772827148,0.0678726434707641,0.0748456567525863
135,0.0135430907830595,0.0164672434329986,0.0219543594866991,0.0216943975538015,0.063519038259983,0.0720272585749626,0.0728806555271148,0.0795788839459419
136,0.0133334910497069,0.0156560484319925,0.0213474202901124,0.0213799607008695,0.0567562878131866,0.0638559088110923,0.0654203072190284,0.0720670372247695
137,0.0135830240324139,0.0164133310317993,0.021829729899764,0.0218825582414865,0.062191542237997,0.0708105266094207,0.0711117163300514,0.0780972093343734
138,0.0135848885402083,0.0169696733355522,0.0224184971302747,0.0225769504904747,0.0598230361938476,0.0699606463313102,0.0707573816180229,0.078451819717884
139,0.013263588771224,0.0164185184985399,0.0218042600899934,0.0215509813278913,0.0607463680207729,0.0707273706793785,0.0710660517215728,0.078021302819252
140,0.0133524388074874,0.0155953532084822,0.0212649796158075,0.0211391802877187,0.0579385533928871,0.0647804141044616,0.0663810595870018,0.0730808079242706
141,0.0135473236441612,0.0166196916252374,0.0220473855733871,0.0225676465779542,0.0564986020326614,0.0671576485037803,0.0665190517902374,0.0747145190834999
142,0.0132877081632614,0.0158472061157226,0.0214839577674865,0.0212985947728157,0.0604496374726295,0.0669038370251655,0.0686627104878425,0.0750074982643127
143,0.0132732288911938,0.0158640798181295,0.0214389655739069,0.0216771550476551,0.0557084046304225,0.0640235915780067,0.0647829994559288,0.0721055641770362
144,0.0133693199604749,0.0171855241060256,0.0223870687186718,0.0219990853220224,0.0635987147688865,0.0753919333219528,0.0752491578459739,0.0817609503865242
145,0.0131348902359604,0.0160786937922239,0.0215395130217075,0.0214827042073011,0.0591600760817527,0.0684926584362983,0.0690378472208976,0.0760342627763748
146,0.0133701730519533,0.0170041285455226,0.0223370995372533,0.0218801945447921,0.0638907551765441,0.0748389139771461,0.0752796456217765,0.081625111401081
147,0.0133541040122509,0.0167247038334608,0.0219860393553972,0.0219855979084968,0.061786625534296,0.0733452960848808,0.0727930068969726,0.0801895186305046
148,0.0131772654131054,0.0161148905754089,0.0216755475848913,0.021400922909379,0.058879517018795,0.067074991762638,0.0688501670956611,0.0750631913542747
149,0.0133078517392277,0.0167271792888641,0.0220553670078516,0.0217442866414785,0.0634028986096382,0.0737919136881828,0.0738386437296867,0.0801672264933586
150,0.0138339223340153,0.0168634559959173,0.0221334062516689,0.0219089835882186,0.0659195929765701,0.0731831714510917,0.0736444890499115,0.0796155557036399
151,0.013097196817398,0.0165105853229761,0.0217982362955808,0.0218353979289531,0.0585347153246402,0.0693683475255966,0.0694936960935592,0.0769228860735893
152,0.0130104599520564,0.0163407083600759,0.0216741785407066,0.0218317341059446,0.0563804358243942,0.0679537206888198,0.0680589973926544,0.0755720660090446
153,0.0129562746733427,0.0157632734626531,0.0211823768913745,0.0211346037685871,0.0572349168360233,0.0658916234970092,0.0665448457002639,0.0735282450914383
154,0.0132313389331102,0.0170126520097255,0.0221028178930282,0.022239550948143,0.0603437311947345,0.0737252235412597,0.0721418112516403,0.0800640359520912
155,0.0130469985306262,0.0166413076221942,0.0218283049762249,0.0216634478420019,0.0617819800972938,0.0730572268366813,0.0728384032845497,0.0798368379473686
156,0.0130331497639417,0.0163183901458978,0.0217461697757244,0.0215095039457082,0.0603583976626396,0.0697121769189834,0.0708685964345932,0.0776143297553062
157,0.0129456026479601,0.0163668151944875,0.0216296911239624,0.0215998962521553,0.0597386509180069,0.0704481825232505,0.0706761851906776,0.0779354497790336
158,0.0131309852004051,0.0155320800840854,0.0211615692824125,0.0210042800754308,0.0570517890155315,0.0634618178009986,0.0651988536119461,0.0713558942079544
159,0.0130174178630113,0.0163203533738851,0.0215912144631147,0.0217887870967388,0.05650270357728,0.0672443881630897,0.0671716630458831,0.0746523290872573
160,0.0130079258233308,0.0164524875581264,0.0217212252318859,0.0214718915522098,0.0593945309519767,0.0699900984764099,0.0703227594494819,0.0768337473273277
161,0.0129601005464792,0.0170873478055,0.0220463220030069,0.0219971351325511,0.0592861622571945,0.0715467408299446,0.0707895085215568,0.0778241753578186
162,0.0129240052774548,0.0163983050733804,0.0216309241950511,0.0211266372352838,0.0605530478060245,0.0699338763952255,0.0704311355948448,0.0765514746308326
163,0.0127660008147358,0.0158907752484083,0.0212630461901426,0.0211075861006975,0.0570254139602184,0.0668051913380622,0.0675122365355491,0.0743513032793998
164,0.0131629863753914,0.0181589405983686,0.0227285828441381,0.022756328806281,0.0628338158130645,0.0771567672491073,0.0754125565290451,0.0827039629220962
165,0.0128780920058488,0.0157795138657093,0.0211933832615613,0.0212631244212389,0.0561684146523475,0.0647174194455146,0.0655461847782135,0.0726382285356521
166,0.0127162225544452,0.0159579720348119,0.0212877485901117,0.0211532860994339,0.0576490834355354,0.0677526220679283,0.0683401748538017,0.0752342939376831
167,0.0129083441570401,0.01555563416332,0.0210309755057096,0.0211105775088071,0.0565015189349651,0.0645108595490455,0.0655938386917114,0.072712630033493
168,0.0126669220626354,0.0158031266182661,0.0211255569010972,0.0210112277418375,0.0577749349176883,0.0666180178523063,0.0677352398633956,0.0744663849472999
169,0.0129831712692976,0.0165334120392799,0.0217829830944538,0.0213382765650749,0.0633240416646003,0.0733588263392448,0.0740542784333229,0.0803018659353256
170,0.0127983801066875,0.0157796964049339,0.0212101656943559,0.021013855934143,0.0594453178346157,0.0684112906455993,0.0693592205643653,0.0760590508580207
171,0.0127621795982122,0.0161184985190629,0.0212768111377954,0.0215017460286617,0.0570726208388805,0.0687040910124778,0.0679050460457801,0.0755601227283477
172,0.0128374816849827,0.015939574688673,0.0211415886878967,0.0210739281028509,0.059352483600378,0.0679641366004943,0.0685410350561142,0.0751654952764511
173,0.0128356963396072,0.0158081389963626,0.0211361944675445,0.0214691124856472,0.0547106154263019,0.0643119812011718,0.064443327486515,0.0722632929682731
174,0.0130947940051555,0.015740156173706,0.021123394370079,0.0215630605816841,0.05579524487257,0.0639063641428947,0.0645372048020362,0.0727028772234916
175,0.0126681579276919,0.0161337405443191,0.0211774837225675,0.0212901048362255,0.056493230164051,0.0688965246081352,0.0680180788040161,0.0756769701838493
176,0.0125340791419148,0.0160059947520494,0.0211409423500299,0.0210258699953556,0.0570876188576221,0.0673073306679725,0.0675880163908004,0.0743675753474235
177,0.0129467388615012,0.0163579955697059,0.0215706657618284,0.0208617597818374,0.0641516298055648,0.0733103230595588,0.07429751008749,0.0798951685428619
178,0.0125208711251616,0.0158117786049842,0.0210078954696655,0.0210504997521638,0.0563757680356502,0.0671422258019447,0.0675005316734314,0.0748467221856117
179,0.0129081318154931,0.0161490589380264,0.0213977545499801,0.0217067692428827,0.0588177926838398,0.0694175735116005,0.0693739056587219,0.0774153918027877
180,0.0127294026315212,0.0160742718726396,0.0211379211395978,0.0209035128355026,0.0602612681686878,0.0695292800664901,0.0699135214090347,0.0761687457561492
181,0.0125891799107193,0.0156050408259034,0.020905639976263,0.0205446854233741,0.0593945495784282,0.0681038796901702,0.0691174119710922,0.0752594470977783
182,0.0126070287078619,0.0155163872987031,0.0208096224814653,0.0207858551293611,0.0567775778472423,0.0649459287524223,0.0659041330218315,0.0726281180977821
183,0.0129174944013357,0.0161563586443662,0.021483164280653,0.0207685325294733,0.0627489313483238,0.0709539130330085,0.0726541504263877,0.07818603515625
184,0.0124815972521901,0.0155439777299761,0.0208071358501911,0.0207921303808689,0.0559586733579635,0.0648017898201942,0.0654544308781623,0.0725863575935363
185,0.0127525450661778,0.0171729363501071,0.0218211412429809,0.0216392334550619,0.0604308508336544,0.073557011783123,0.0726755931973457,0.0792497992515564
186,0.0124377170577645,0.0156386513262987,0.0208907034248113,0.0207379925996065,0.0564939230680465,0.0659860000014305,0.0666988268494606,0.0735985413193702
187,0.012523079290986,0.0152129400521516,0.0206116326153278,0.0202603694051504,0.0581973083317279,0.0651910454034805,0.0669879466295242,0.0728360712528228
188,0.0124667286872863,0.0156001290306448,0.0208006370812654,0.0206026453524827,0.0588217861950397,0.0677565485239029,0.0687830224633216,0.0752887651324272
189,0.0124631104990839,0.0156339574605226,0.0208579842001199,0.0208048839122056,0.0577359423041343,0.0669991597533226,0.0676100775599479,0.0747950226068496
190,0.0124264182522892,0.0166685450822114,0.0214592143893241,0.021452696993947,0.0583274625241756,0.0705644413828849,0.0698173940181732,0.0769485980272293
191,0.0131457028910517,0.0158322285860776,0.0211769044399261,0.0212556160986423,0.0603149831295013,0.0673144981265068,0.0684719234704971,0.0744916051626205
192,0.0124202910810709,0.015978280454874,0.0210938919335603,0.0208021365106105,0.0585927702486515,0.069715492427349,0.0700130388140678,0.0765696242451667
193,0.0125335901975631,0.0158961750566959,0.020971531048417,0.0207942351698875,0.0602370984852314,0.070182166993618,0.0703296065330505,0.0771831199526786
194,0.012429054826498,0.0161124467849731,0.0211429018527269,0.0208731163293123,0.0575025603175163,0.0686802268028259,0.0688221678137779,0.0752457901835441
195,0.0126313660293817,0.0174730960279703,0.0220318287611007,0.02174574136734,0.0618771463632583,0.0755528286099433,0.0744884386658668,0.0812762230634689
196,0.0129141369834542,0.0172249320894479,0.0219337306916713,0.0214598290622234,0.0656061396002769,0.0769671946763992,0.0763371959328651,0.0824119672179222
197,0.0122775249183177,0.0155431712046265,0.0206542555242776,0.0204995665699243,0.0560539290308952,0.065815545618534,0.066251054406166,0.0728454962372779
198,0.012282901443541,0.015279377810657,0.0204682778567075,0.0203219447284936,0.0556611120700836,0.0648236647248268,0.065473236143589,0.0723563656210899
199,0.0122992321848869,0.0158404354006052,0.0209004580974578,0.0208483636379241,0.0556750148534774,0.0659792944788932,0.0658011585474014,0.072851113975048
200,0.0128797208890318,0.0152205284684896,0.0206362530589103,0.0201842170208692,0.0619685128331184,0.0667951107025146,0.0688473284244537,0.0736865401268005
201,0.0123221902176737,0.0154930716380476,0.0206853318959474,0.0205871649086475,0.0571313835680484,0.0657625496387481,0.0666196197271347,0.0729061141610145
202,0.0123032303526997,0.0155763160437345,0.0207536984235048,0.0205837413668632,0.0559697449207305,0.0643437728285789,0.065263956785202,0.0716954246163368
203,0.0123175643384456,0.0151606816798448,0.020454341545701,0.0202423464506864,0.0568482726812362,0.0638623535633087,0.0656448155641555,0.0715979635715484
204,0.0123888803645968,0.014855814166367,0.0202309433370828,0.0199361927807331,0.057267602533102,0.0633023753762245,0.0652599036693573,0.0711932033300399
205,0.0121982134878635,0.0154428286477923,0.0206227544695138,0.0202034227550029,0.0579297207295894,0.0665585249662399,0.0678687989711761,0.0737685784697532
206,0.0122946817427873,0.0151412319391965,0.0204374305903911,0.0203012786805629,0.0553153343498706,0.0631817132234573,0.0644211247563362,0.0711980685591697
207,0.0124105364084243,0.0148939061909914,0.0202794894576072,0.0199861973524093,0.0588679797947406,0.0653555318713188,0.0669139623641967,0.0729843825101852
208,0.012242816388607,0.0162458475679159,0.0210346523672342,0.0212088208645582,0.0567207373678684,0.0695995166897773,0.0684952661395073,0.0764196813106536
209,0.0122250327840447,0.0154456989839673,0.0205466710031032,0.020560247823596,0.0559294708073139,0.06624685972929,0.066797100007534,0.0736832022666931
210,0.0122006693854928,0.0158344041556119,0.0207975320518016,0.0210279487073421,0.0538133345544338,0.064657025039196,0.0642515569925308,0.0716488063335418
211,0.0121948244050145,0.0157983172684907,0.0207765400409698,0.0206187386065721,0.0580280125141143,0.0687798932194709,0.0687948763370513,0.0756633132696151
212,0.0121750403195619,0.015696458518505,0.0206932015717029,0.0204429160803556,0.0574635900557041,0.0678281188011169,0.0680542141199112,0.0748026221990585
213,0.012610275298357,0.0172490179538726,0.0219776183366775,0.0217702835798263,0.0619890764355659,0.0756950974464416,0.0751520097255706,0.0818776115775108
214,0.012179784476757,0.0162708740681409,0.021070197224617,0.0207645613700151,0.0577599890530109,0.0701960697770118,0.0698417201638221,0.0764399319887161
215,0.0121223991736769,0.016154071316123,0.0209870729595422,0.020950760692358,0.0569809414446353,0.0701155588030815,0.069576546549797,0.076853796839714
216,0.0121909799054265,0.0163635127246379,0.0211942195892334,0.0211651418358087,0.0577141679823398,0.0698172524571418,0.0696626529097557,0.0766665339469909
217,0.0126518327742815,0.0151180997490882,0.0204112417995929,0.0205616280436515,0.0565339401364326,0.0639780238270759,0.0642260760068893,0.0710553973913192
218,0.0122962621971964,0.015988515689969,0.0208990685641765,0.0204820856451988,0.0594895891845226,0.0700198709964752,0.0702361240983009,0.0762472823262214
219,0.0126430019736289,0.0168136842548847,0.0215666275471448,0.0219698771834373,0.0578115209937095,0.0696337670087814,0.0683615356683731,0.0763371288776397
220,0.0121550960466265,0.015209462493658,0.0203123483806848,0.0205445680767297,0.0543264895677566,0.0648857057094574,0.0647023692727088,0.0726110339164733
221,0.0120261767879128,0.0158055499196052,0.0206705592572689,0.0206449665129184,0.056542657315731,0.0676075145602226,0.0674457922577858,0.0744067505002021
222,0.0121353277936577,0.0167276356369256,0.0212614964693784,0.0211311299353837,0.0573204010725021,0.0706013739109039,0.0694621056318283,0.0765803828835487
223,0.0121016008779406,0.0150804538279771,0.0202905852347612,0.0203011110424995,0.0549009032547473,0.0643806084990501,0.0647705122828483,0.0721420571208
224,0.0123411947861313,0.0146632976830005,0.020006014034152,0.0199696086347103,0.0534762665629386,0.0606253892183303,0.0617316514253616,0.0685781762003898
225,0.0119388308376073,0.0151378195732831,0.0202674083411693,0.0201180819422006,0.0550511106848716,0.0645539239048957,0.0651085376739502,0.0720968469977378
226,0.0120407035574316,0.0151540907099843,0.0202793646603822,0.0205496754497289,0.0524771697819232,0.0621971487998962,0.0622601583600044,0.0701788887381553
227,0.0120299216359853,0.0157994590699672,0.0207416247576475,0.0206231530755758,0.0578961037099361,0.0686676129698753,0.0690453201532363,0.075823001563549
228,0.0120631204918026,0.0154332788661122,0.0204916112124919,0.0207185745239257,0.0539289154112339,0.0644022151827812,0.0644506439566612,0.0718475058674812
229,0.0120833730325102,0.0152241624891757,0.0203933268785476,0.0200038775801658,0.0578240826725959,0.0662741363048553,0.0669825449585914,0.0731452628970146
230,0.0119777331128716,0.0161970276385545,0.0209156814962625,0.0209591425955295,0.0562176778912544,0.0684192851185798,0.0678516179323196,0.0749970823526382
231,0.0120803890749812,0.0158412512391805,0.0207637418061494,0.0210771989077329,0.0542915165424346,0.066515527665615,0.0658298209309578,0.0738664865493774
232,0.0121750384569168,0.0160548705607652,0.0209498405456542,0.0214430578052997,0.0548718459904193,0.0672040656208992,0.0662854686379432,0.0745226368308067
233,0.0120651666074991,0.0158160720020532,0.0206926465034484,0.0204265415668487,0.0588370747864246,0.0703287944197654,0.069797545671463,0.076857104897499
234,0.0120497765019536,0.015537666156888,0.0205197390168905,0.0200629234313964,0.0592288263142108,0.0692200288176536,0.0694901496171951,0.0754332914948463
235,0.0118396999314427,0.0158308371901512,0.0205991398543119,0.0205632448196411,0.0556795112788677,0.0671742707490921,0.066841684281826,0.0737203061580658
236,0.0123847099021077,0.0165883097797632,0.02130838483572,0.0219584014266729,0.059480745345354,0.0731834024190902,0.0714592263102531,0.0809457823634147
237,0.0122376549988985,0.0167178325355052,0.0213492531329393,0.0214123483747243,0.0593462958931922,0.0719301775097847,0.071364976465702,0.0787204876542091
238,0.0119930561631917,0.0154724800959229,0.0204910095781087,0.0205839071422815,0.0537082366645336,0.0643139034509658,0.0643010661005973,0.0713870227336883
239,0.0122227566316723,0.0149574438109993,0.0201607681810855,0.0200250409543514,0.0567036420106887,0.064458318054676,0.065271571278572,0.0716725438833236
240,0.0119220539927482,0.0153391221538186,0.0202868189662694,0.020400483161211,0.0533910654485225,0.0644558891654014,0.06386698782444,0.0715519711375236
241,0.0122505165636539,0.014642484486103,0.0200306717306375,0.0196940600872039,0.0591317899525165,0.0640418827533721,0.0659157410264015,0.0715858712792396
242,0.0121780149638652,0.0167286694049835,0.0212750304490327,0.0213939175009727,0.057805385440588,0.0737121924757957,0.0715343281626701,0.0793007463216781
243,0.0121907321736216,0.015272282063961,0.0204002819955348,0.0207049753516912,0.054431565105915,0.0640083402395248,0.0637725740671157,0.0720633119344711
244,0.0124655617401003,0.015391512773931,0.0205289721488952,0.0205127820372581,0.0577713176608085,0.0663971453905105,0.0671381950378418,0.0734927058219909
245,0.0119680948555469,0.0147776994854211,0.0199977867305278,0.0200235228985548,0.0550405159592628,0.0640374273061752,0.064794436097145,0.0719334930181503
246,0.0119274538010358,0.0162033941596746,0.0209152363240718,0.0206502880901098,0.0586270987987518,0.068903774023056,0.0690898820757865,0.075331412255764
247,0.0121850715950131,0.0164724625647068,0.0211670715361833,0.021638648584485,0.0562605634331703,0.0701335966587066,0.0687545463442802,0.0774087607860565
248,0.0118926307186484,0.0157044101506471,0.0206180587410926,0.02060491964221,0.0558252073824405,0.0682886019349098,0.0676351860165596,0.0752811208367347
249,0.0118915941566228,0.0155647434294223,0.020463041961193,0.0207514706999063,0.0554802194237709,0.0671580135822296,0.0667834803462028,0.0746935456991195
250,0.0117878839373588,0.0158076342195272,0.0206167176365852,0.0206374134868383,0.0557446740567684,0.0678277984261512,0.0672075897455215,0.07477368414402
251,0.011917476542294,0.0163770746439695,0.0209725871682167,0.0206961091607809,0.0576128885149955,0.0695097669959068,0.0689847320318222,0.0753503143787384
252,0.0120432404801249,0.0153004173189401,0.0203391183167696,0.0206673070788383,0.0545147247612476,0.0642505958676338,0.063906617462635,0.0719081088900566
253,0.0118760010227561,0.0157855674624443,0.0206065028905868,0.0208777207881212,0.0533983223140239,0.0660295784473419,0.0651585012674331,0.0729825869202613
254,0.0116914175450801,0.0157794877886772,0.0205053500831127,0.0205561835318803,0.0544499792158603,0.0669906064867973,0.0659878253936767,0.0737136229872703
255,0.0120388660579919,0.0149108497425913,0.0200638826936483,0.0195499714463949,0.0609210357069969,0.0666091069579124,0.0678477361798286,0.0732400193810463
256,0.0123886838555336,0.0175174642354249,0.0217337552458047,0.021433537825942,0.0631515458226203,0.0776973813772201,0.07553481310606,0.0821395516395568
257,0.011827920563519,0.0162973199039697,0.0208871010690927,0.0205938164144754,0.0573939606547355,0.0706266611814498,0.0693666636943817,0.0760816931724548
258,0.0119000682607293,0.0160836726427078,0.0207390002906322,0.0204899683594703,0.0601880885660648,0.0732184946537017,0.0718871280550956,0.079044185578823
259,0.0121204806491732,0.0147828562185168,0.020000847056508,0.0196541268378496,0.060244858264923,0.0661019086837768,0.0670847743749618,0.0728434324264526
260,0.0117061948403716,0.0149121070280671,0.0199693832546472,0.0196880530565977,0.0563182942569255,0.0645635724067688,0.0650294348597526,0.0713516026735305
261,0.0116642862558364,0.0148202897980809,0.0198907312005758,0.0195930749177932,0.0549778640270233,0.0651091635227203,0.0654626712203025,0.0723270252346992
262,0.0117205269634723,0.0156662799417972,0.0205060075968503,0.0204332266002893,0.0554684214293956,0.0669151544570922,0.0664810165762901,0.0736084803938865
263,0.0116322077810764,0.0150319784879684,0.0199144445359706,0.0199449099600315,0.053801491856575,0.0640133991837501,0.0635498017072677,0.0710116922855377
264,0.0120080625638365,0.0142415100708603,0.0195839498192071,0.0192958526313304,0.05386333912611,0.0601365976035594,0.0617891922593116,0.0679785832762718
265,0.0117329861968755,0.0145282037556171,0.019740892574191,0.0194070860743522,0.0552796460688114,0.0639684721827507,0.064854584634304,0.0714643076062202
266,0.0122038777917623,0.0143083352595567,0.0197229422628879,0.0193569604307413,0.0560080930590629,0.0608241148293018,0.0629373714327812,0.0686894506216049
267,0.0120184905827045,0.0167035795748233,0.0213185492902994,0.0209587849676609,0.0587813667953014,0.0712792798876762,0.0708743035793304,0.0772229880094528
268,0.011652309447526932,0.015888642519712448,0.020563853904604912,0.02037597820162773,0.05639037489891052,0.06919433176517487,0.06844238191843033,0.0751907005906105
